actual_15min,forecast
83.0,71.57248
98.0,80.10177
121.0,89.61446
90.0,72.86913
114.0,89.459816
84.0,76.13033
112.0,88.74708
106.0,88.34991
148.0,128.96364
172.0,139.96175
156.0,132.13414
179.0,151.15819
115.0,107.987465
172.0,147.55115
186.0,154.5536
159.0,130.29333
165.0,147.56471
113.0,112.70097
167.0,144.58278
163.0,132.25188
117.0,96.98286
133.0,96.43263
108.0,87.29852
119.0,88.06972
87.0,54.72662
102.0,74.35209
119.0,85.352325
87.0,72.004585
120.0,92.651276
91.0,68.38527
113.0,91.202675
128.0,90.76001
152.0,135.53525
175.0,157.40125
163.0,136.62283
171.0,158.15707
130.0,99.130356
168.0,137.31424
195.0,145.94392
154.0,138.90279
181.0,159.56131
131.0,112.923836
148.0,143.06073
173.0,145.24147
122.0,114.21764
138.0,107.445915
103.0,90.55512
127.0,88.23291
71.0,59.278313
97.0,70.68993
117.0,78.62249
100.0,85.596344
111.0,94.805885
84.0,77.46247
114.0,105.956825
119.0,95.482445
153.0,139.44478
172.0,153.0727
148.0,129.55186
187.0,149.05627
122.0,102.07918
155.0,139.30203
178.0,133.00246
140.0,107.381
165.0,129.13997
143.0,112.38872
158.0,139.47794
156.0,135.6591
114.0,112.23662
112.0,101.95712
87.0,89.546745
112.0,105.299385
69.0,74.5478
90.0,83.318405
101.0,97.48459
93.0,95.577065
105.0,90.25444
83.0,72.58911
107.0,94.781555
97.0,81.07174
37.0,50.80101
32.0,45.83444
32.0,39.13761
32.0,31.832312
33.0,33.93675
32.0,37.542297
35.0,41.106396
33.0,36.850315
33.0,35.268013
40.0,33.811966
29.0,13.695531
25.0,13.928813
22.0,11.71514
22.0,7.6179533
22.0,6.4382463
22.0,2.5781004
22.0,0.9570303
22.0,5.7971554
22.0,5.2686315
22.0,-3.7154052
23.0,-0.1658087
22.0,8.0657425
22.0,8.590393
22.0,8.124402
25.0,18.454018
22.0,26.254269
22.0,24.21975
22.0,34.627106
26.0,38.100872
23.0,45.399906
23.0,41.537926
23.0,41.01841
25.0,42.026287
22.0,32.50306
22.0,34.685966
23.0,29.514357
23.0,25.782633
22.0,29.515646
23.0,28.20505
24.0,27.401752
21.0,33.844425
22.0,32.80513
22.0,33.578293
22.0,35.178684
22.0,39.124657
22.0,33.25038
26.0,36.40033
29.0,46.5186
157.0,121.9596
165.0,148.57846
144.0,136.48033
176.0,149.86032
119.0,112.27459
150.0,150.52197
159.0,150.36015
134.0,129.25572
152.0,150.69144
115.0,111.14849
153.0,142.94151
145.0,131.17123
121.0,110.556046
133.0,109.545166
105.0,92.24617
108.0,102.440796
74.0,69.73488
93.0,87.67781
118.0,92.73651
100.0,77.84896
97.0,96.242966
83.0,73.24152
107.0,101.0118
121.0,86.19633
153.0,130.78398
168.0,133.05008
142.0,136.85097
168.0,155.74939
120.0,101.112755
188.0,143.84282
178.0,160.18684
148.0,130.27657
161.0,153.38126
124.0,117.18456
165.0,138.2005
158.0,126.446526
124.0,121.184654
133.0,109.89538
104.0,89.11067
117.0,87.072205
78.0,66.131516
100.0,83.28178
115.0,94.20925
96.0,75.86737
113.0,96.50011
89.0,75.93166
110.0,96.64334
115.0,89.01566
150.0,122.651764
160.0,144.7078
134.0,134.87625
158.0,150.49156
0.0,101.244484
140.0,140.68694
178.0,154.43542
131.0,142.16013
170.0,152.9691
124.0,112.68902
168.0,145.24315
162.0,145.18323
97.0,115.94732
114.0,115.523315
92.0,91.58376
99.0,95.565475
79.0,64.05264
95.0,75.21126
104.0,83.593
103.0,75.1933
113.0,101.95058
81.0,78.7512
117.0,96.71845
117.0,105.45809
155.0,124.03618
173.0,152.3213
134.0,139.19101
159.0,147.68506
124.0,106.390686
168.0,131.13663
166.0,151.35423
143.0,123.89406
168.0,149.83383
126.0,109.99474
172.0,138.45386
158.0,154.31952
118.0,125.098755
127.0,125.90083
112.0,102.07889
115.0,115.13713
83.0,67.47748
94.0,79.59586
116.0,84.44893
87.0,86.48347
117.0,89.92773
85.0,83.45857
118.0,115.06116
111.0,113.005455
172.0,133.39699
182.0,151.80875
155.0,129.53336
177.0,152.19269
128.0,111.09006
164.0,133.77795
190.0,146.73137
143.0,117.874405
171.0,122.01687
129.0,102.636955
151.0,122.60794
145.0,131.57782
114.0,116.12014
122.0,107.57583
92.0,95.291794
105.0,108.90483
69.0,69.61191
76.0,92.057365
99.0,97.50479
74.0,83.167534
93.0,82.053154
74.0,72.836525
97.0,94.95648
73.0,72.65952
23.0,33.216713
23.0,28.669914
22.0,25.254875
22.0,27.781403
23.0,28.85571
22.0,32.719856
22.0,32.5692
23.0,36.146492
23.0,36.75091
24.0,33.351776
24.0,26.410412
24.0,19.74708
23.0,18.32799
24.0,15.894539
23.0,13.81326
23.0,11.515696
23.0,12.625351
22.0,15.552916
27.0,24.956078
22.0,19.498508
23.0,26.14383
23.0,28.568674
22.0,28.405529
23.0,31.823252
28.0,46.83293
24.0,45.14744
23.0,38.993248
23.0,45.437794
23.0,36.571453
23.0,47.114338
22.0,45.066635
23.0,46.258327
23.0,43.48878
23.0,33.62367
23.0,35.166508
22.0,32.77961
23.0,28.532576
23.0,30.29982
22.0,32.405033
24.0,31.69167
23.0,34.458603
22.0,32.968964
23.0,35.634968
23.0,41.364166
28.0,40.726032
23.0,32.452282
23.0,40.152836
24.0,54.732548
166.0,138.1142
187.0,149.71397
156.0,132.21674
178.0,154.41867
130.0,111.46849
173.0,141.65446
177.0,147.9582
158.0,131.03386
167.0,140.70453
122.0,110.28223
162.0,136.58354
162.0,126.766556
113.0,110.516106
122.0,112.00795
97.0,95.03523
111.0,98.76993
72.0,68.287384
98.0,81.73223
115.0,91.89594
97.0,81.074745
114.0,84.26623
84.0,70.50328
111.0,97.17182
115.0,101.87783
162.0,130.19041
162.0,145.0098
143.0,129.76491
155.0,151.29915
135.0,101.56974
149.0,155.61392
161.0,159.29056
132.0,136.51208
164.0,146.46588
117.0,112.62053
158.0,139.7059
152.0,133.84312
124.0,114.57351
134.0,117.56829
100.0,97.31003
117.0,114.17459
